table,status,jpRows,cnRows,identicalRows,changedRows,jpOnlyRows,cnOnlyRows,jpOnlyFields,cnOnlyFields
"config_access","records-different",200,152,13,135,52,4,"",""
"config_accurate_behavior","identical",53,53,53,0,0,0,"",""
"config_achievement","schema-different",745,627,0,624,121,3,"open_day;show_reward_num",""
"config_achievement_type_id","content-different",49,49,48,1,0,0,"",""
"config_action_audio_bind","identical",50,50,50,0,0,0,"",""
"config_activity","schema-different",389,201,0,143,246,58,"","function_id"
"config_activity_bgm_period","schema-different",8,8,0,7,1,1,"weights",""
"config_activity_extract","jp-only",5,0,0,0,0,0,"drop_reward_id;id;item_cost;name;reward_key",""
"config_activity_extract_ur","jp-only",1,0,0,0,0,0,"chapter_id;copy_display_id;desc;drop_reward_id;fragment_id;id;item_cost;name;next_card_id;reward_key;special_drop;special_drop_times;surprise_drop",""
"config_activity_type","identical",10,10,10,0,0,0,"",""
"config_adventure_role","records-different",30,60,0,30,0,30,"",""
"config_affection_change","identical",14,14,14,0,0,0,"",""
"config_affection_favor","content-different",7,7,0,7,0,0,"",""
"config_affection_item","jp-only",8,0,0,0,0,0,"affection_exp;description;drop_path;icon;icon_small;id;name;quality",""
"config_affection_mood","content-different",4,4,0,4,0,0,"",""
"config_air_attack_spe","content-different",75,75,72,3,0,0,"",""
"config_air_control_state","identical",5,5,5,0,0,0,"",""
"config_air_search_spe","records-different",147,132,132,0,15,0,"",""
"config_air_spe_link_fleet","records-different",115,113,112,0,3,1,"",""
"config_anniversary_video","jp-only",4,0,0,0,0,0,"id;image;link;period;period_area;reward",""
"config_ar_battle_config","identical",10,10,10,0,0,0,"",""
"config_ar_battle_range","identical",5,5,5,0,0,0,"",""
"config_ar_config","identical",27,27,27,0,0,0,"",""
"config_askill_dict_create_item","records-different",3094,1958,1957,1,1136,0,"",""
"config_askill_dict_create_range","records-different",858,662,638,24,196,0,"",""
"config_askill_dict_create_range_item","identical",870,870,870,0,0,0,"",""
"config_askill_dict_prj_ctrl_logic","records-different",971,778,758,20,193,0,"",""
"config_askill_dict_prj_ctrl_move","records-different",2310,1716,1585,24,701,107,"",""
"config_askill_dict_projectile","records-different",906,701,679,22,205,0,"",""
"config_askill_dict_projectile_ctrl","records-different",3458,2142,2066,26,1366,50,"",""
"config_askill_dict_projectile_item","records-different",2924,2413,2193,220,511,0,"",""
"config_assess","content-different",16,16,4,12,0,0,"",""
"config_assess_condition","identical",9,9,9,0,0,0,"",""
"config_assist_fleet","records-different",26,21,17,4,5,0,"",""
"config_assist_ship_info","records-different",801,742,742,0,59,0,"",""
"config_attribute","records-different",107,90,1,89,17,0,"",""
"config_audio","identical",145,145,145,0,0,0,"",""
"config_barrage_library","records-different",27999,18302,17091,1162,9746,49,"",""
"config_bathroom_item","content-different",1,1,0,1,0,0,"",""
"config_battle_ai","identical",5,5,5,0,0,0,"",""
"config_battle_ai_escape","identical",2,2,2,0,0,0,"",""
"config_battle_ai_fleet","schema-different",855,855,0,855,0,0,"airattack_call",""
"config_battle_ai_fleet_escape","identical",3,3,3,0,0,0,"",""
"config_battle_ai_fleet_support","identical",245,245,245,0,0,0,"",""
"config_battle_ai_ship_info","records-different",95,89,89,0,6,0,"",""
"config_battle_ai_ship_skill_ratio","identical",57,57,57,0,0,0,"",""
"config_battle_ai_support","identical",1,1,1,0,0,0,"",""
"config_battle_air_control_coefficient","identical",19,19,19,0,0,0,"",""
"config_battle_ammounition_effect","identical",3,3,3,0,0,0,"",""
"config_battle_auto_chat","jp-only",9,0,0,0,0,0,"id;text",""
"config_battle_config","records-different",326,315,252,63,11,0,"",""
"config_battle_fleet_show","content-different",63,63,0,63,0,0,"",""
"config_battle_logic_trigger","records-different",63,48,48,0,15,0,"",""
"config_battle_logic_trigger_result","records-different",142,134,134,0,8,0,"",""
"config_battle_maingun_clip","identical",6,6,6,0,0,0,"",""
"config_battle_qte_effect","identical",4,4,4,0,0,0,"",""
"config_battle_qte_pro","identical",1,1,1,0,0,0,"",""
"config_battle_range","content-different",5,5,3,2,0,0,"",""
"config_battle_threat","identical",12,12,12,0,0,0,"",""
"config_battle_torpedogun_combo","identical",6,6,6,0,0,0,"",""
"config_battle_weather","identical",3,3,3,0,0,0,"",""
"config_battlefield_info","records-different",214,153,153,0,61,0,"",""
"config_battlefield_resource","records-different",2722,2534,1779,755,188,0,"",""
"config_battlefield_resource_blood","records-different",18,16,16,0,2,0,"",""
"config_battlepass_level","content-different",50,50,0,50,0,0,"",""
"config_battlepass_level_activity","jp-only",50,0,0,0,0,0,"free_level_reward;level;level_exp;pay_level_reward;target_reward",""
"config_battlepass_param","content-different",1,1,0,1,0,0,"",""
"config_battlepass_param_activity","jp-only",1,0,0,0,0,0,"advance_price_1;advance_price_2;advance_reward_1;advance_reward_2;advance_reward_desc_1;advance_reward_desc_2;advance_reward_level_2;buy_level_price;free_icon;free_refresh_count;id;item_recycling_id;pay_icon;pay_refresh_count;pay_refresh_price;recycle_mail_id;reward_mail_id;shop_id;weekly_task_num",""
"config_battlepass_task","content-different",17,17,0,17,0,0,"",""
"config_battlepass_task_activity","jp-only",17,0,0,0,0,0,"battlepass_exp;go_up_to;go_up_to_parm;id;task_goal;task_name;task_type;task_type_name",""
"config_bd_class","identical",3,3,3,0,0,0,"",""
"config_bd_limited","content-different",24,24,23,1,0,0,"",""
"config_bd_obj1","identical",5,5,5,0,0,0,"",""
"config_bd_prop","identical",7,7,7,0,0,0,"",""
"config_bd_prop1","identical",3,3,3,0,0,0,"",""
"config_behavior_info","identical",1146,1146,1146,0,0,0,"",""
"config_behaviour_info_queue","records-different",1773,1473,1278,84,411,111,"",""
"config_bestrong","content-different",6,6,0,6,0,0,"",""
"config_big_activity_chapter","content-different",3,3,0,3,0,0,"",""
"config_big_activity_copy_display","identical",55,55,55,0,0,0,"",""
"config_big_activity_reward","identical",10,10,10,0,0,0,"",""
"config_boss_copy_activity","records-different",5,7,0,5,0,2,"",""
"config_boss_copy_life","records-different",50,59,0,50,0,9,"",""
"config_boss_copy_main","content-different",4,4,0,4,0,0,"",""
"config_boss_life_control","records-different",240,336,15,225,0,96,"",""
"config_buff_show","records-different",669,633,620,13,36,0,"",""
"config_build_formula","content-different",4,4,0,4,0,0,"",""
"config_build_quality","content-different",2020,2020,0,2020,0,0,"",""
"config_build_ship","content-different",30,30,26,4,0,0,"",""
"config_building","identical",10,10,10,0,0,0,"",""
"config_building_camera_parameters","identical",9,9,9,0,0,0,"",""
"config_building_character_story","records-different",216,306,0,216,0,90,"",""
"config_building_config","records-different",16,15,15,0,1,0,"",""
"config_building_furniture_res","identical",1,1,1,0,0,0,"",""
"config_building_tv_res","records-different",1,4,0,1,0,3,"",""
"config_building_wall_res","identical",1,1,1,0,0,0,"",""
"config_buildinginfo","schema-different",35,35,0,35,0,0,"recipe_compose;reducecost",""
"config_buildinglevelup","identical",35,35,35,0,0,0,"",""
"config_buildingtype","identical",8,8,8,0,0,0,"",""
"config_camera_info_queue","records-different",3663,3089,5,0,3658,3084,"",""
"config_caption_access_list","records-different",7993,6844,580,6178,1235,86,"",""
"config_cg_resources","identical",3,3,3,0,0,0,"",""
"config_challenge","records-different",8,7,1,6,1,0,"",""
"config_challenge_reward","identical",10,10,10,0,0,0,"",""
"config_chapter","schema-different",201,102,0,97,104,5,"changechapterbtnhide;copy_background_2;help_info;name2;new_ocean_tag;plot_locked;pve_copy;starbox_cosy",""
"config_chapter_plot_type","schema-different",3,3,0,3,0,0,"chapter_list2;image_bg;image_btn;image_btn_push;image_mask;plot_enter_name;show_id",""
"config_chapter_tower","schema-different",18,9,0,9,9,0,"desc_simplify;reset_chapter",""
"config_chapter_training","identical",7,7,7,0,0,0,"",""
"config_chapter_type","records-different",61,36,21,15,25,0,"",""
"config_chapter_type_info","schema-different",5,4,0,4,1,0,"title",""
"config_character","records-different",128,102,5,96,27,1,"",""
"config_chat_emoji","identical",17,17,17,0,0,0,"",""
"config_chat_send_interval","identical",6,6,6,0,0,0,"",""
"config_chat_set","content-different",12,12,0,12,0,0,"",""
"config_cheat_app","identical",12,12,12,0,0,0,"",""
"config_color","identical",13,13,13,0,0,0,"",""
"config_combination_ship","jp-only",370,0,0,0,0,0,"before_id;break_item;break_prop_up;break_prop_up_percent;break_star;id;level;levelup_item;next_id;prop_up;prop_up_percent;sf_id;skill_id;star",""
"config_condition","identical",2,2,2,0,0,0,"",""
"config_copy","schema-different",1401,1076,0,983,418,93,"match_type",""
"config_copy_demo","records-different",86,76,75,1,10,0,"",""
"config_copy_display","schema-different",2032,1513,0,1410,622,103,"activity_item;activity_period;activity_period_area;activity_plot_bg;attached_fleet;autobattle_open;before_copy_id_list;branch_id;copy_activity_value;copy_progress;gotowar_num_mub;max_fleet;next_copy_id_list;nvn_ship_exp_up;plot_bg_lock;pvept_cost;recommend_info;safe_area_hidden;sport_type",""
"config_copy_enemy","identical",12,12,12,0,0,0,"",""
"config_copy_grade_type","identical",9,9,9,0,0,0,"",""
"config_copy_rank_drop","content-different",1,1,0,1,0,0,"",""
"config_copy_type_map","identical",1,1,1,0,0,0,"",""
"config_copytypemap","jp-only",1,0,0,0,0,0,"id",""
"config_countenance_info_queue","records-different",134,103,100,0,34,3,"",""
"config_counting","records-different",87,80,80,0,7,0,"",""
"config_country_info","records-different",12,9,0,9,3,0,"",""
"config_currency","records-different",33,29,0,29,4,0,"",""
"config_cutin_blacklist","identical",3,3,3,0,0,0,"",""
"config_cutin_ship_type_factor","identical",22,22,22,0,0,0,"",""
"config_daily_chapter","identical",8,8,8,0,0,0,"",""
"config_daily_finish","identical",10,10,10,0,0,0,"",""
"config_daily_group","schema-different",4,4,0,4,0,0,"treaty_basic_drop_base;treaty_basic_drop_star;treaty_dropinfo_basic;treaty_dropinfo_extra;treaty_dropinfo_pass;treaty_extra_drop;treaty_extra_drop_base;treaty_icon;treaty_id;treaty_item;treaty_pass_drop;treaty_show_buff",""
"config_daily_login","records-different",305,136,38,64,203,34,"",""
"config_daily_register","content-different",12,12,11,1,0,0,"",""
"config_data_version","identical",28,28,28,0,0,0,"",""
"config_days_activity","content-different",7,7,0,7,0,0,"",""
"config_days_activity_limited","jp-only",6,0,0,0,0,0,"bg;count;description;icon;id;name;outlinecolor;picture;selected;shop_goods;shop_id;task_activity;task_stage;textcolor;type",""
"config_discount_item","cn-only",0,76,0,0,0,76,"","activity_id;description;discount_rate;discount_type;drop_path;icon;icon_small;id;name;quality;time_duration"
"config_draw","identical",10,10,10,0,0,0,"",""
"config_drop_info","schema-different",1948,1250,0,1250,698,0,"show_counts;treaty_item",""
"config_drop_item","records-different",2499,1557,881,605,1013,71,"",""
"config_eca_action","identical",21,21,21,0,0,0,"",""
"config_eca_condition","identical",12,12,12,0,0,0,"",""
"config_eca_cvalue","identical",1,1,1,0,0,0,"",""
"config_eca_index","identical",12,12,12,0,0,0,"",""
"config_effect","records-different",517,463,463,0,54,0,"",""
"config_effect_bind","records-different",1187,1133,1133,0,54,0,"",""
"config_effect_bind_path","identical",396,396,396,0,0,0,"",""
"config_emoji","records-different",96,70,29,29,38,12,"",""
"config_emoji_pack","content-different",2,2,0,2,0,0,"",""
"config_equip","schema-different",989,813,0,813,176,0,"ryza_formula_id;ryza_type;ryza_type_num",""
"config_equip_activity_extrapoint","identical",10,10,10,0,0,0,"",""
"config_equip_ehhance_item","identical",3,3,3,0,0,0,"",""
"config_equip_enhance_item","records-different",4,3,0,3,1,0,"",""
"config_equip_enhance_level","identical",30,30,30,0,0,0,"",""
"config_equip_enhance_level_exp","identical",30,30,30,0,0,0,"",""
"config_equip_enhance_level_ur","jp-only",35,0,0,0,0,0,"enchance_level;item_cost",""
"config_equip_enhance_renovate","records-different",6,5,5,0,1,0,"",""
"config_equip_fashion_showtype","content-different",5,5,0,5,0,0,"",""
"config_equip_fashion_type","records-different",39,30,18,12,9,0,"",""
"config_equip_levelbreak_item","records-different",2,1,1,0,1,0,"",""
"config_equip_skill_type","identical",22,22,22,0,0,0,"",""
"config_equip_type","records-different",69,61,0,61,8,0,"",""
"config_equip_wear_type","schema-different",31,22,0,22,9,0,"order",""
"config_escape_type","identical",3,3,3,0,0,0,"",""
"config_evaluate","records-different",234,225,1,224,9,0,"",""
"config_example","identical",3,3,3,0,0,0,"",""
"config_expand_item","content-different",2,2,0,2,0,0,"",""
"config_expedition_set","identical",5,5,5,0,0,0,"",""
"config_expedition_task","identical",411,411,411,0,0,0,"",""
"config_export_damage_type","identical",5,5,5,0,0,0,"",""
"config_export_func","identical",18,18,18,0,0,0,"",""
"config_extra_skill","schema-different",16,4,0,4,12,0,"ship_copy",""
"config_extract_mail","records-different",19,27,0,17,2,10,"",""
"config_extract_ship","schema-different",183,73,0,46,137,27,"close_draw_num;free_explore_period;free_ten_explore_refresh;hundred_tips_image;is_preview;new_ten_expend;show_appear_num","type_image"
"config_fashion","schema-different",1376,1149,0,1149,227,0,"belong_to_ship_group;shop_id",""
"config_flag_res","records-different",7,6,5,1,1,0,"",""
"config_flagsystem","records-different",160,131,122,5,33,4,"",""
"config_fleep_speed","identical",4,4,4,0,0,0,"",""
"config_fleet","schema-different",3589,3008,0,2879,710,129,"random_factor;recommend_ce",""
"config_fleet_auto","schema-different",5,5,0,5,0,0,"weight_dive",""
"config_fleet_copy_type","identical",3,3,3,0,0,0,"",""
"config_fleet_patrol_pos","identical",1311,1311,1311,0,0,0,"",""
"config_fleet_patrol_route","identical",3244,3244,3244,0,0,0,"",""
"config_fleet_relation","identical",4,4,4,0,0,0,"",""
"config_fleet_speed","content-different",3,3,1,2,0,0,"",""
"config_food_compose","jp-only",40,0,0,0,0,0,"hide;id;item;material;reward;type",""
"config_form_change","identical",20,20,20,0,0,0,"",""
"config_form_change_point","identical",255,255,255,0,0,0,"",""
"config_formation","identical",8,8,8,0,0,0,"",""
"config_formation_pos","identical",12,12,12,0,0,0,"",""
"config_formation_pos_ui","identical",98,98,98,0,0,0,"",""
"config_fragment","schema-different",7,283,0,3,4,280,"icon_small",""
"config_function_info","records-different",104,93,0,93,11,0,"",""
"config_game_limits","records-different",570,551,14,537,19,0,"",""
"config_gift","content-different",5,5,0,5,0,0,"",""
"config_goods_battle","identical",6,6,6,0,0,0,"",""
"config_guide_compensation","records-different",6,8,0,6,0,2,"",""
"config_guildactivityrankreward","jp-only",6,0,0,0,0,0,"id;ranklist;reward;score",""
"config_guildactivityrate","jp-only",15,0,0,0,0,0,"id;rate;requireitemnum",""
"config_guildactivitytask","jp-only",71,0,0,0,0,0,"belong;count_type;desc;finishnum;go_up_to;goal;id;order;reward;score",""
"config_guildboxparam","jp-only",4,0,0,0,0,0,"id;image;num",""
"config_guildboxscore","jp-only",1,0,0,0,0,0,"id;maxnum;reward;score",""
"config_guildfunction","identical",1,1,1,0,0,0,"",""
"config_guildlevel","identical",10,10,10,0,0,0,"",""
"config_guildoffer_guildrankreward","jp-only",6,0,0,0,0,0,"id;limitscore;rankid;reward",""
"config_guildoffer_info","jp-only",1,0,0,0,0,0,"apply_max_num;guildrewardmail;id;maxbuytime;noguild_name;personrewardmail;priceincrease;quality_task_num;rank_minscore;task_bg;ticketprice",""
"config_guildoffer_perscorereward","jp-only",35,0,0,0,0,0,"id;reward;score",""
"config_guildoffer_rankreward","jp-only",1,0,0,0,0,0,"id;rankid;reward",""
"config_guildoffer_scorereward","jp-only",25,0,0,0,0,0,"id;personscore;reward;score",""
"config_guildparam","identical",1,1,1,0,0,0,"",""
"config_guildpost","content-different",3,3,0,3,0,0,"",""
"config_guildwar_base_info","jp-only",4,0,0,0,0,0,"camera_position;camera_rotate_position;copydisplay_id;desc;id;lap;lap_name;pic;stage;stage_level;stage_reward",""
"config_guildwar_rank","jp-only",9,0,0,0,0,0,"id;range;range_desc;rank_name;rank_pic;rank_reward",""
"config_guildwar_reward","jp-only",16,0,0,0,0,0,"base_id;battle_reward;damage_rate;damage_rate_reward;guild_reward;id;kill_reward;stage",""
"config_gun_range","identical",4,4,4,0,0,0,"",""
"config_gun_range_type","content-different",4,4,2,2,0,0,"",""
"config_handbook_behaviour_index","records-different",70,68,2,66,2,0,"",""
"config_help_text","identical",1,1,1,0,0,0,"",""
"config_home_activity_enter","records-different",36,16,0,12,24,4,"",""
"config_home_page","content-different",3,3,1,2,0,0,"",""
"config_home_scene_envir","schema-different",6,6,0,6,0,0,"big_activity_envir_bgm_ryza",""
"config_interaction_figurte","records-different",185,154,1,151,33,2,"",""
"config_interaction_item","schema-different",129,98,0,86,43,12,"activity_id;drop_id;item_show_next_item;item_show_next_item_type;item_show_previous_item",""
"config_interaction_item_bag","schema-different",66,55,0,39,27,16,"reward;show_type",""
"config_interaction_item_bag_group","records-different",2,3,0,1,1,2,"",""
"config_interaction_paper_cut_fomula","identical",126,126,126,0,0,0,"",""
"config_island","records-different",1087,591,522,69,496,0,"",""
"config_island_group","records-different",537,422,421,1,115,0,"",""
"config_item_exchange","records-different",117,29,0,29,88,0,"",""
"config_item_info","schema-different",731,342,0,297,434,45,"existtime;price;ryza_formula_id;ryza_type;ryza_type_num;saleable;score;show_in_shop",""
"config_item_recycling","records-different",302,57,36,15,251,6,"",""
"config_item_selected","records-different",346,85,0,83,263,2,"",""
"config_item_valentine_gift","records-different",121,119,0,119,2,0,"",""
"config_key_list","identical",228,228,228,0,0,0,"",""
"config_language","records-different",5493,5235,445,4531,517,259,"",""
"config_left_camera_controller","schema-different",29,18,0,0,29,18,"id;trigger_search_mode",""
"config_level_reward","identical",19,19,19,0,0,0,"",""
"config_loading","records-different",22,17,0,17,5,0,"",""
"config_loading_tips","records-different",30,30,0,29,1,1,"",""
"config_magazine_info","content-different",10,10,3,7,0,0,"",""
"config_magazine_page","records-different",126,116,14,91,21,11,"",""
"config_magazine_tag","content-different",25,25,1,24,0,0,"",""
"config_main_line_reward_arg","identical",9,9,9,0,0,0,"",""
"config_mask_word_test","identical",4,4,4,0,0,0,"",""
"config_medal","records-different",107,31,0,29,78,2,"",""
"config_minigame_ai","identical",31,31,31,0,0,0,"",""
"config_minigame_ai_type","identical",3,3,3,0,0,0,"",""
"config_minigame_buff","identical",18,18,18,0,0,0,"",""
"config_minigame_buff_type","identical",12,12,12,0,0,0,"",""
"config_minigame_copy","identical",123,123,123,0,0,0,"",""
"config_minigame_infinite_copy","content-different",4,4,0,4,0,0,"",""
"config_minigame_item","identical",14,14,14,0,0,0,"",""
"config_minigame_item_template","identical",10,10,10,0,0,0,"",""
"config_minigame_npc_info","identical",45,45,45,0,0,0,"",""
"config_minigame_skill","identical",3,3,3,0,0,0,"",""
"config_minigame_special_area","identical",98,98,98,0,0,0,"",""
"config_minigame_victory_condition","identical",33,33,33,0,0,0,"",""
"config_mission","identical",14,14,14,0,0,0,"",""
"config_mission_display","identical",9,9,9,0,0,0,"",""
"config_model_camera_config","records-different",245,216,202,10,33,4,"",""
"config_music","identical",13,13,13,0,0,0,"",""
"config_nav2d","cn-only",0,123,0,0,0,123,"","data;id"
"config_navmesh","records-different",168,147,146,1,21,0,"",""
"config_novice_ship_info","identical",7,7,7,0,0,0,"",""
"config_outpost_info","records-different",10,8,8,0,2,0,"",""
"config_outpost_level","records-different",70,56,0,56,14,0,"",""
"config_page_hide_type","identical",2,2,2,0,0,0,"",""
"config_page_switch_animation","identical",29,29,29,0,0,0,"",""
"config_page_type","identical",2,2,2,0,0,0,"",""
"config_parameter","records-different",429,358,324,29,76,5,"",""
"config_parameter_mail","records-different",86,73,0,67,19,6,"",""
"config_parameter_mail_test","identical",6,6,6,0,0,0,"",""
"config_period","records-different",751,315,65,174,512,76,"",""
"config_pet_main","identical",4,4,4,0,0,0,"",""
"config_pet_pskill_display","identical",5,5,5,0,0,0,"",""
"config_player_head_frame","records-different",92,26,0,25,67,1,"",""
"config_player_levelup","schema-different",100,100,0,100,0,0,"pvept_num;pvept_recovery",""
"config_plot_episode","identical",2341,2341,2341,0,0,0,"",""
"config_plot_episode_audio_character","records-different",8303,7068,7066,2,1235,0,"",""
"config_plot_episode_audio_event","records-different",8607,3617,3605,12,4990,0,"",""
"config_plot_episode_audio_main","records-different",9449,4870,4827,43,4579,0,"",""
"config_plot_episode_audio_wedding","records-different",680,537,521,16,143,0,"",""
"config_plot_episode_branch","content-different",2,2,0,2,0,0,"",""
"config_plot_episode_character","schema-different",8303,7068,0,7068,1235,0,"ship_scale",""
"config_plot_episode_effect","records-different",42,39,38,1,3,0,"",""
"config_plot_episode_event","schema-different",8607,3617,0,3617,4990,0,"ship_scale",""
"config_plot_episode_expression","records-different",1903,1309,1307,2,594,0,"",""
"config_plot_episode_main","schema-different",9450,4843,0,4843,4607,0,"ship_scale",""
"config_plot_episode_ship","records-different",449,349,203,145,101,1,"",""
"config_plot_episode_trigger","schema-different",2195,1682,0,1682,513,0,"plot_copydisplay_id_end_branch",""
"config_plot_episode_tween","records-different",255,166,166,0,89,0,"",""
"config_plot_episode_wedding","schema-different",680,537,0,537,143,0,"ship_scale",""
"config_privilegedesc","content-different",18,18,2,16,0,0,"",""
"config_profile","jp-only",307,0,0,0,0,0,"belongshipid;cost;costrate;default;desc;dropdesc;fashion;icon2;id;image;name;shownew;type",""
"config_prohibit_speed","identical",1,1,1,0,0,0,"",""
"config_prop","records-different",484,461,454,7,23,0,"",""
"config_pskill_dict_buff","records-different",1841,1350,1325,25,491,0,"",""
"config_pskill_dict_buff_cb_con","records-different",47,46,46,0,1,0,"",""
"config_pskill_dict_buff_cb_condition","identical",44,44,44,0,0,0,"",""
"config_pskill_dict_buff_factor","records-different",1835,1338,1313,25,497,0,"",""
"config_pskill_dict_buff_factor_args","identical",34,34,34,0,0,0,"",""
"config_pskill_dict_buff_trans","records-different",6,5,5,0,1,0,"",""
"config_pskill_dict_c_param","records-different",66,37,35,2,29,0,"",""
"config_pskill_dict_change","identical",10,10,10,0,0,0,"",""
"config_pskill_dict_condition","records-different",1340,896,855,30,455,11,"",""
"config_pskill_dict_condition2","records-different",4,3,3,0,1,0,"",""
"config_pskill_dict_display","schema-different",1136,814,0,814,322,0,"flag_skill",""
"config_pskill_dict_factor","records-different",1256,1164,1160,4,92,0,"",""
"config_pskill_dict_flag","records-different",111,95,95,0,16,0,"",""
"config_pskill_dict_group","schema-different",2845,2021,357,1663,825,1,"skill_replace;upgrade_materials_mub",""
"config_pskill_dict_main","schema-different",4564,3165,529,2580,1455,56,"pskill_factors_probability;trigger_probability;trigger_probability_group",""
"config_pskill_dict_select_item","records-different",67,53,52,1,14,0,"",""
"config_pskill_dict_select_target","records-different",120,94,4,89,27,1,"",""
"config_pskill_dict_select_target_item","identical",28,28,28,0,0,0,"",""
"config_pskill_sp_talent","identical",3,3,3,0,0,0,"",""
"config_pushnotice","schema-different",10,11,0,10,0,1,"","notice_type"
"config_qte_step","identical",4,4,4,0,0,0,"",""
"config_quality_param","schema-different",5,5,0,5,0,0,"preview_imgbg;preview_name_bg",""
"config_random_effect_target_type","identical",3,3,3,0,0,0,"",""
"config_random_factor","schema-different",394,227,0,223,171,4,"factor_image",""
"config_random_factor_group","records-different",373,223,219,0,154,4,"",""
"config_random_factor_set","schema-different",377,227,0,223,154,4,"factor_skip",""
"config_random_factor_target_type","identical",3,3,3,0,0,0,"",""
"config_random_factor_type","identical",9,9,9,0,0,0,"",""
"config_random_first_name_en","identical",237,237,237,0,0,0,"",""
"config_random_first_name_ja","content-different",97,97,65,32,0,0,"",""
"config_random_last_name_en","identical",196,196,196,0,0,0,"",""
"config_random_last_name_ja","content-different",95,95,50,45,0,0,"",""
"config_range","identical",0,0,0,0,0,0,"",""
"config_rank","records-different",6,4,1,3,2,0,"",""
"config_recharge","schema-different",607,167,0,4,603,163,"activitydrop;appeartype;boxexisttime;condition;drop;flag_id;pushnum;score;selltime;show_createdays;true_cost","discount_id"
"config_recharge_icon","identical",3,3,3,0,0,0,"",""
"config_recharge_selective","schema-different",4,3,0,3,1,0,"refresh_id",""
"config_rechargecondition","jp-only",20,0,0,0,0,0,"id;param1;param2;param3;type",""
"config_rechargetag","identical",2,2,2,0,0,0,"",""
"config_recipe","schema-different",20,19,0,19,1,0,"hide",""
"config_recipe_compose","jp-only",16,0,0,0,0,0,"id;item;rawmaterial1;rawmaterial2;rawmaterial3;type;typename;unlocklevel",""
"config_refresh","records-different",19,14,13,1,5,0,"",""
"config_report","identical",5,5,5,0,0,0,"",""
"config_return_stage","content-different",7,7,0,7,0,0,"",""
"config_rewards","records-different",7193,2942,1696,805,4692,441,"",""
"config_room","identical",2,2,2,0,0,0,"",""
"config_ryza_alchemy_formula","jp-only",58,0,0,0,0,0,"description;drop_id;drop_path;formula_type;icon;icon_small;id;item_group;level;name;prefab_type;product;quality;recommend_bg1;recommend_bg2;shop_bg;show_type;type",""
"config_ryza_alchemy_item","jp-only",564,0,0,0,0,0,"back_item;effect;id;item_type;materials;position;pre_item",""
"config_ryza_alchemy_type","jp-only",4,0,0,0,0,0,"desc;eff_normal;eff_normal_back;id;image_background;image_off;image_on;name;quality",""
"config_safearea","content-different",7,7,1,6,0,0,"",""
"config_safearea_condition","identical",69,69,69,0,0,0,"",""
"config_safearea_effect","records-different",183,158,158,0,25,0,"",""
"config_scene","records-different",252,204,200,4,48,0,"",""
"config_scene_position","records-different",18685,15878,15775,103,2807,0,"",""
"config_scene_weather","identical",1,1,1,0,0,0,"",""
"config_search3d_item","records-different",29,27,26,1,2,0,"",""
"config_search_goods_login","cn-only",0,21,0,0,0,21,"","icon;id;position;source_image"
"config_select_point_type","identical",2,2,2,0,0,0,"",""
"config_select_target_type","identical",7,7,7,0,0,0,"",""
"config_ship","identical",13,13,13,0,0,0,"",""
"config_ship_advance","records-different",2,1,1,0,1,0,"",""
"config_ship_behaviour_and_camera_info","records-different",542,416,291,63,188,62,"",""
"config_ship_break","schema-different",5277,3606,0,3606,1671,0,"break_item_mub;break_usableitem_mub",""
"config_ship_break_effect","records-different",92,78,78,0,14,0,"",""
"config_ship_class_index","identical",78,78,78,0,0,0,"",""
"config_ship_combat_effectiveness","identical",11,11,11,0,0,0,"",""
"config_ship_consumption","identical",1962,1962,1962,0,0,0,"",""
"config_ship_damage_coefficient","identical",42,42,42,0,0,0,"",""
"config_ship_dressup","records-different",749,657,598,22,129,37,"",""
"config_ship_enemy","records-different",10717,9835,7977,1301,1439,557,"",""
"config_ship_equip","records-different",4803,3210,96,3114,1593,0,"",""
"config_ship_exp_item","schema-different",6,4,0,4,2,0,"ship_country;ship_type",""
"config_ship_fleet","schema-different",378,350,0,350,28,0,"cannot_marry;combination_open;common_break_item;remould;same_character;sf_special_bgm","remould_si_id"
"config_ship_forbidden","identical",2,2,2,0,0,0,"",""
"config_ship_formation_coefficient","identical",80,80,80,0,0,0,"",""
"config_ship_gained_way","identical",97,97,97,0,0,0,"",""
"config_ship_handbook","records-different",216,186,81,105,30,0,"",""
"config_ship_hp_prop_change","records-different",180,138,138,0,42,0,"",""
"config_ship_hp_state","identical",5,5,5,0,0,0,"",""
"config_ship_info","schema-different",1478,1195,0,1195,283,0,"vow_item_mub;vow_item_num_mub",""
"config_ship_levelup","content-different",100,100,81,19,0,0,"",""
"config_ship_levelup_mub","jp-only",100,0,0,0,0,0,"attribute_level;exp;level",""
"config_ship_main","schema-different",4809,3204,0,3204,1605,0,"antisubmarine;antisubmarine_levelup;submarine;submarine_levelup",""
"config_ship_max_power","records-different",5247,3570,1716,1854,1677,0,"",""
"config_ship_model","records-different",468,290,209,77,182,4,"",""
"config_ship_model_animation","identical",716,716,716,0,0,0,"",""
"config_ship_model_facial_animation","identical",815,815,815,0,0,0,"",""
"config_ship_model_look_camera","identical",14,14,14,0,0,0,"",""
"config_ship_need_power_exp","records-different",4815,3210,3210,0,1605,0,"",""
"config_ship_perform_limit","identical",11,11,11,0,0,0,"",""
"config_ship_perform_mark","identical",6,6,6,0,0,0,"",""
"config_ship_position","schema-different",782,581,0,581,201,0,"cutin_inversion;cutin_position;cutin_scale;draw_inversion;draw_position;draw_scale;model_position",""
"config_ship_provide_power_exp","records-different",5277,3606,3516,90,1671,0,"",""
"config_ship_remould_effect","records-different",801,431,0,431,370,0,"",""
"config_ship_remould_show","identical",4,4,4,0,0,0,"",""
"config_ship_remould_template","records-different",63,36,0,36,27,0,"",""
"config_ship_show","schema-different",1417,1189,0,1189,228,0,"profilelist",""
"config_ship_talent_activate_condition","identical",7,7,7,0,0,0,"",""
"config_ship_talent_desc","identical",10,10,10,0,0,0,"",""
"config_ship_talent_upgrade_exp","records-different",20,10,9,1,10,0,"",""
"config_ship_talent_upgrade_item","identical",0,0,0,0,0,0,"",""
"config_ship_transform_effect","identical",5,5,5,0,0,0,"",""
"config_ship_type","records-different",23,22,3,19,1,0,"",""
"config_shiplist_option","records-different",8,7,1,6,1,0,"",""
"config_shiplist_sequence","records-different",98,77,11,66,21,0,"",""
"config_shiptalenttype","jp-only",5,0,0,0,0,0,"id;shiptypelist",""
"config_shop","schema-different",104,52,0,47,57,5,"quick_buy",""
"config_shop_goods","schema-different",2136,1073,0,722,1414,351,"cur_relation;currency;discount;language_id;price;price1","discount_id"
"config_skill","schema-different",7888,5819,0,5783,2105,36,"simple_behit_effect_bind_id",""
"config_skill_anim_detail","records-different",1820,1809,1792,10,18,7,"",""
"config_skill_anim_detail_action_type","identical",25,25,25,0,0,0,"",""
"config_skill_anim_detail_base_group","records-different",88,84,84,0,4,0,"",""
"config_skill_anim_detail_camera_target","identical",18,18,18,0,0,0,"",""
"config_skill_anim_detail_group","records-different",740,736,736,0,4,0,"",""
"config_skill_anim_detail_group_count","identical",39,39,39,0,0,0,"",""
"config_skill_anim_detail_ios","records-different",1820,1809,1792,10,18,7,"",""
"config_skill_anim_detail_type","identical",21,21,21,0,0,0,"",""
"config_skill_anim_project","records-different",673,670,670,0,3,0,"",""
"config_skill_anim_type","identical",17,17,17,0,0,0,"",""
"config_skill_be_hit","records-different",1728,1224,1212,12,504,0,"",""
"config_skill_be_hit_boss_sink","identical",3,3,3,0,0,0,"",""
"config_skill_be_hit_order","identical",5,5,5,0,0,0,"",""
"config_skill_common_condition","records-different",285,225,98,127,60,0,"",""
"config_skill_fashion","records-different",71,56,0,56,15,0,"",""
"config_skill_release","identical",1346,1346,1346,0,0,0,"",""
"config_skill_release_project","content-different",93,93,90,3,0,0,"",""
"config_skill_torpedo","identical",19,19,19,0,0,0,"",""
"config_skill_trap_effect","records-different",166,112,112,0,54,0,"",""
"config_skill_trap_group","identical",386,386,386,0,0,0,"",""
"config_skill_trap_item","identical",239,239,239,0,0,0,"",""
"config_skill_trap_ratio","identical",37,37,37,0,0,0,"",""
"config_skill_trigger","identical",32,32,32,0,0,0,"",""
"config_skill_trigger_group","identical",32,32,32,0,0,0,"",""
"config_skill_trigger_range","identical",0,0,0,0,0,0,"",""
"config_skill_type","identical",7,7,7,0,0,0,"",""
"config_skill_type_anim","identical",18,18,18,0,0,0,"",""
"config_sp_settings_dict","identical",3,3,3,0,0,0,"",""
"config_sp_settings_fleet_dict","identical",3,3,3,0,0,0,"",""
"config_special_buff","identical",3,3,3,0,0,0,"",""
"config_specialdraw","schema-different",407,173,0,110,297,63,"close_script;close_script_param",""
"config_sportsmeet_achieve","jp-only",18,0,0,0,0,0,"achieve_type;activity_id;copy_id;desc;goal;id;reward;sport_type;title",""
"config_sportsmeet_award","jp-only",22,0,0,0,0,0,"hot_point;id;rewards;score",""
"config_sportsmeet_rank","jp-only",33,0,0,0,0,0,"activity_id;copy_id;id;range;range_desc;rank_pic;rank_reward;rank_reward_curren;sport_type",""
"config_sportsmeet_score","jp-only",12,0,0,0,0,0,"desc;id;if_rank;score;score_type;sport_type",""
"config_stage","records-different",302,270,234,36,32,0,"",""
"config_starbox","identical",9,9,9,0,0,0,"",""
"config_strategy","schema-different",17,8,0,8,9,0,"strategy_flag",""
"config_supply_get","identical",2,2,2,0,0,0,"",""
"config_support_effect","identical",12,12,12,0,0,0,"",""
"config_support_fleet_item","content-different",29,29,0,29,0,0,"",""
"config_support_fleet_recommend","identical",1,1,1,0,0,0,"",""
"config_support_time","identical",2,2,2,0,0,0,"",""
"config_support_type","identical",2,2,2,0,0,0,"",""
"config_system_info_text","identical",14,14,14,0,0,0,"",""
"config_table_index","records-different",26,24,22,1,3,1,"",""
"config_talent","jp-only",1077,0,0,0,0,0,"belongtalent;desc;icon;iconcheck;iconmax;id;levelup;name;nexttalent;positioninfo;precondition;specialtalent;talenteffect;talenticon;type",""
"config_talentcondition","jp-only",214,0,0,0,0,0,"desc;id;p1;p2;p3;p4;type",""
"config_talenteffect","jp-only",130,0,0,0,0,0,"id;p1;p2;p3;p4;type",""
"config_talentmain","jp-only",5,0,0,0,0,0,"background;id;name;talentlist",""
"config_task_activity","schema-different",1692,725,0,480,1212,245,"hide;label;last_task_receive;period_list;period_list_area;show_rewards;title",""
"config_task_daily","records-different",24,23,0,23,1,0,"",""
"config_task_grow","content-different",242,242,0,242,0,0,"",""
"config_task_guild","content-different",102,102,0,102,0,0,"",""
"config_task_guildoffer","jp-only",34,0,0,0,0,0,"applynum;count_type;desc;goal;id;limittime;order;quality;qualitybg;score;type;weight",""
"config_task_magazine","records-different",343,338,0,338,5,0,"",""
"config_task_main","content-different",174,174,0,174,0,0,"",""
"config_task_return","content-different",42,42,0,42,0,0,"",""
"config_task_reward_modify","identical",40,40,40,0,0,0,"",""
"config_task_teaching","content-different",104,104,0,104,0,0,"",""
"config_task_teaching_group","content-different",8,8,0,8,0,0,"",""
"config_task_treaty","jp-only",6,0,0,0,0,0,"go_up_to;goal;id;order;rewards;title",""
"config_task_weekly","content-different",22,22,0,22,0,0,"",""
"config_teaching_achievement","content-different",9,9,0,9,0,0,"",""
"config_teaching_assess","content-different",6,6,0,6,0,0,"",""
"config_teaching_personal_info","identical",23,23,23,0,0,0,"",""
"config_team","identical",2,2,2,0,0,0,"",""
"config_testship_reward","identical",2,2,2,0,0,0,"",""
"config_testship_task","content-different",41,41,40,1,0,0,"",""
"config_tower_activity","content-different",1,1,0,1,0,0,"",""
"config_tower_prop","identical",13,13,13,0,0,0,"",""
"config_tower_topic","records-different",18,9,0,9,9,0,"",""
"config_treaty_buff","jp-only",12,0,0,0,0,0,"buff_icon;buff_star;desc;flag_new;id;name;order;treaty_atk;treaty_buff;treaty_hp",""
"config_trigger_shape","identical",5,5,5,0,0,0,"",""
"config_ui_battlepage_config","content-different",82,82,81,1,0,0,"",""
"config_ui_battlepage_config_ios","identical",81,81,81,0,0,0,"",""
"config_ui_config","records-different",421,359,323,30,68,6,"",""
"config_value_effect","schema-different",85,70,0,70,15,0,"activity_effect_desc;activity_effect_type;activity_value_show",""
"config_voice_chat_err","identical",100,100,100,0,0,0,"",""
"config_vow","content-different",3,3,2,1,0,0,"",""
"config_vow_item","records-different",97,72,0,71,26,1,"",""
"config_vow_wall_ship","identical",8,8,8,0,0,0,"",""
"config_weather","records-different",6,7,6,0,0,1,"",""
"config_weather_exchange_light","identical",3,3,3,0,0,0,"",""
"config_weather_group","records-different",6,7,6,0,0,1,"",""
"config_worker","identical",1,1,1,0,0,0,"",""
